{"loss":5.245203283266164e-06,"perplexity":1.0000052452087402,"_timestamp":1.734327405941447e+09,"_wandb":{"runtime":1429},"_runtime":1425.448236,"_step":81,"epoch":0,"batch":81}