{"loss":4.5781636238098145,"epoch_epoch":9,"batch":24,"_wandb":{"runtime":174},"perplexity":97.33547973632812,"epoch":9,"epoch_perplexity":125.2538070678711,"epoch_loss":4.782858848571777,"_timestamp":1.7343792990493052e+09,"_step":259,"_runtime":174.649923,"epoch_time":22.770416736602783}